  POS; SEQ;SCORE;COLOR
1;   H;-1.063;9
2;   L;-0.419;7
3;   L;3.182;1
4;   Q;-0.781;8
5;   F;-1.027;9
6;   R; 0.864;2
7;   K; 0.666;2
8;   M;-0.871;8
9;   I;-0.967;9
10;   K; 0.874;2
11;   K; 0.263;4
12;   M;-0.073;5
13;   T;-0.391;6
14;   G; 0.118;5
15;   K;-0.019;5
16;   E; 0.382;4
17;   P; 0.334;4
18;   V;2.785;1
19;   V;3.133;1
20;   S; 0.640;3
21;   Y;-0.875;8
22;   A; 0.620;3
23;   F; 0.738;2
24;   Y;-1.078;9
25;   G;-1.048;9
26;   C;-1.064;9
27;   Y;-0.530;7
28;   C;-1.156;9
29;   G;-1.049;9
30;   S;1.605;1
31;   G;-0.761;8
32;   G;-0.541;7
33;   R; 0.041;5
34;   G;-0.928;9
35;   K;-0.060;5
36;   P;-1.062;9
37;   K;-0.331;6
38;   D;-1.125;9
39;   A;-0.065;5
40;   T;-0.778;8
41;   D;-1.151;9
42;   R;-0.737;8
43;   C;-1.115;9
44;   C;-1.072;9
45;   F; 0.155;4
46;   V; 0.004;5
47;   H;-1.087;9
48;   D;-0.936;9
49;   C;-0.049;5
50;   C;-1.112;9
51;   Y;-1.120;9
52;   E;1.288;1
53;   K; 0.481;3
54;   V;-0.548;7
55;   T; 0.450;3
56;   G; 0.595;3
57;   C;-1.064;9
58;   D;1.005;1
59;   P;-0.686;8
60;   K; 0.066;5
61;   W;1.713;1
62;   D; 0.146;4
63;   D;1.323;1
64;   Y;-1.159;9
65;   T;-0.067;5
66;   Y;-0.232;6
67;   S; 0.299;4
68;   W; 0.560;3
69;   K; 0.673;2
70;   N; 0.359;4
71;   G; 0.359;4
72;   T; 0.980;1
73;   I;-0.605;7
74;   V;-0.240;6
75;   C;-1.115;9
76;   G; 0.079;5
77;   G;1.137;1
78;   D; 0.994;1
79;   D; 0.128;5
80;   P;1.043;1
81;   C;-1.068;9
82;   K; 0.704;2
83;   K;-0.017;5
84;   E;1.110;1
85;   V;-0.246;6
86;   C;-1.156;9
87;   E;-0.490;7
88;   C;-1.156;9
89;   D;-1.172;9
90;   K;-0.396;7
91;   A; 0.162;4
92;   A;-0.892;8
93;   A;-0.969;9
94;   I; 0.226;4
95;   C;-1.156;9
96;   F;-0.709;8
97;   R;-0.442;7
98;   D; 0.413;3
99;   N;-0.849;8
100;   L; 0.273;4
101;   K; 0.624;3
102;   T;-0.809;8
103;   Y;-1.011;9
104;   K;-0.168;6
105;   K;2.490;1
106;   R; 0.457;3
107;   Y;-0.336;6
108;   M; 0.807;2
109;   A;3.278;1
110;   Y; 0.732;2
111;   P; 0.780;2
112;   D; 0.337;4
113;   I;1.377;1
114;   L;1.385;1
115;   C;-1.126;9
116;   S;1.138;1
117;   S; 0.420;3
118;   K;1.030;1
119;   S;-0.457;7
120;   E;-0.516;7
121;   K; 0.581;3
122;   C;-1.104;9
