POS; SEQ;SCORE;COLOR
1;   V;-1.194;9
2;   H;-0.156;6
3;   W;-0.237;6
4;   S; 0.011;5
5;   A;1.471;1
6;   E;1.167;1
7;   E;-0.881;8
8;   K;-0.432;7
9;   Q;2.187;1
10;   L;2.065;1
11;   I;-0.433;7
12;   T;2.190;1
13;   G;2.100;1
14;   L;1.134;1
15;   W;-0.272;6
16;   G;2.166;1
17;   K;-0.593;7
18;   V;-0.036;5
19;   N; 0.548;3
20;   V; 0.493;3
21;   A;1.792;1
22;   D;2.036;1
23;   C; 0.957;1
24;   G;-1.126;9
25;   A; 0.538;3
26;   E;-0.314;6
27;   A;-0.603;7
28;   L;-0.842;8
29;   A; 0.643;3
30;   R;-1.043;9
31;   L;-0.554;7
32;   L;-0.693;8
33;   I; 0.055;5
34;   V;-0.820;8
35;   Y;-0.494;7
36;   P;-1.178;9
37;   W;-0.595;7
38;   T;-1.184;9
39;   Q;-0.726;8
40;   R;-0.969;9
41;   F;-0.716;8
42;   F;-1.193;9
43;   S; 0.816;2
44;   S; 0.624;3
45;   F;-0.887;8
46;   G;-1.017;9
47;   N;-0.682;8
48;   L;-0.299;6
49;   S;-0.416;7
50;   S; 0.371;4
51;   P;1.525;1
52;   T;1.463;1
53;   A;-0.982;9
54;   I;-0.253;6
55;   L;1.562;1
56;   G;1.060;1
57;   N;-1.150;9
58;   P;2.190;1
59;   M; 0.637;3
60;   V;-0.733;8
61;   R; 0.308;4
62;   A; 0.097;5
63;   H;-1.202;9
64;   G;-1.172;9
65;   K; 0.402;4
66;   K;-0.602;7
67;   V;-1.003;9
68;   L; 0.210;4
69;   T;1.435;1
70;   S;-0.506;7
71;   F;-0.244;6
72;   G; 0.554;3
73;   D;2.179;1
74;   A;-0.812;8
75;   V; 0.223;4
76;   K; 0.697;2
77;   N;-0.285;6
78;   L; 0.416;3
79;   D;-0.719;8
80;   N; 0.172;4
81;   I;-0.362;6
82;   K;-0.205;6
83;   N;2.168;1
84;   T; 0.064;5
85;   F;-0.414;7
86;   A; 0.261;4
87;   Q;2.189;1
88;   L;-1.195;9
89;   S;-1.210;9
90;   E; 0.212;4
91;   L;-0.396;6
92;   H;-1.208;9
93;   C;-0.825;8
94;   D; 0.128;5
95;   K;-0.317;6
96;   L;-0.837;8
97;   H;-0.969;9
98;   V;-1.177;9
99;   D;-1.199;9
100;   P;-1.040;9
101;   E;-0.269;6
102;   N;-1.197;9
103;   F;-1.193;9
104;   R; 0.459;3
105;   L;-0.470;7
106;   L;-0.974;9
107;   G;-0.193;6
108;   D;-0.322;6
109;   I;-0.021;5
110;   L; 0.474;3
111;   I;-0.216;6
112;   I; 0.199;4
113;   V;-0.526;7
114;   L; 0.139;4
115;   A;-0.637;7
116;   A;1.994;1
117;   H; 0.159;4
118;   F; 0.935;2
119;   A; 0.449;3
120;   K;2.167;1
121;   E; 0.869;2
122;   F;-0.907;8
123;   T;-0.456;7
124;   P;-0.218;6
125;   D;2.124;1
126;   C; 0.805;2
127;   Q;-0.835;8
128;   A;-0.013;5
129;   A;-0.445;7
130;   W;2.034;1
131;   Q;-0.562;7
132;   K;-1.130;9
133;   L;-0.470;7
134;   V;-0.027;5
135;   R;1.460;1
136;   V; 0.392;4
137;   V;-0.938;8
138;   A;-0.565;7
139;   H; 0.948;1
140;   A;-0.980;9
141;   L;-0.983;9
142;   A;-0.252;6
143;   R;-0.143;6
144;   K;-0.231;6
145;   Y;-1.191;9
146;   H;-1.155;9
